<?xml version="1.0" encoding="UTF-8" ?>
<!DOCTYPE configuration
  PUBLIC "-//mybatis.org//DTD Config 3.0//EN"
  "http://mybatis.org/dtd/mybatis-3-config.dtd">
<configuration>

	<settings>
		<!-- 驼峰的自动映射 -->
		<setting name="mapUnderscoreToCamelCase" value="true" />
	</settings>

	<plugins>
		<plugin interceptor="com.github.pagehelper.PageHelper">
			<property name="dialect" value="mysql" />
			<!-- 设置为true时，使用RowBounds分页会进行count查询 -->
			<property name="rowBoundsWithCount" value="true" />
		</plugin>
		
		<plugin interceptor="com.github.abel533.mapperhelper.MapperInterceptor">
			<!--主键自增回写方法,默认值MYSQL,详细说明请看文档 -->
			<property name="IDENTITY" value="MYSQL" />
			<!--通用Mapper接口，多个通用接口用逗号隔开 -->
			<property name="mappers" value="com.github.abel533.mapper.Mapper" />
		</plugin>
	</plugins>


</configuration>
